"id","Season","Episode","Airline","No.","time","Place","Country","Manufacturer","Plane","Main Reason","Type of Accident","Othre Reasons","New&old Flag","New Plane Flag","Weather Flag","Time&Delay Flag","Military-Civil Flag","Other"
"1","20","10","Aires","8250","16/8/2010","San Andres","Colombia","Boeing","737-700","Blackhole illusion","Pilot","Pilot change plane","1","1","1","1","0",
"2","20","9","Kenya","507","4/5/2007","Douala","Cameroon","Boeing","737-800","Not start auto pilot","Pilot","Lack in communication","1","1","1","1","0",
"3","20","8","LAM","470","29/11/2013","Bwabwata National Park","Namibia","	Embraer","E190","Pilot Suicide","Pilot","None","1","1","0","0","0",
"4","20","7","Trigana","267","16/8/2015","Oksibil","Indonesia","	ATR","42-300","Heavy Cloud","Pilot","Turn off the GPWS","0","0","1","0","0","Fifth Flight"
"5","20","6","West Air Sweden","294","8/1/2016","Tromso","Norway","	Bombardier","CRJ200","PFD","Pilot","Lack in communication","0","0","0","0","0","Spatial disorientation"
"7","20","5","Cougar","91","12/3/2009","St. John's, Newfoundland","Canada","	Sikorsky","S-92A","Titanium stud","Mechnism","None","0","0","0","0","1","Helicopter"
"8","20","4","Sol","5428","18/5/2011"," Los Menucos","Argentina","Saab","340","Stall","Pilot","Lack in ice flight","1","0","1","0","0",
"9","20","3","Pakistan","268","28/9/1992","Kathmandu","Nepal","	Airbus","A300B4","Approach plates","Pilot","Cloudy","1","0","0","0","1",
"10","20","2","Northwest","299&1482","3/12/1990","Detroit","USA","Douglas&Boeing","DC 9 & B 727-200","DC9 stop at runway","Pilot","Lack in communication&Foggy","1","0","1","0","0",
"11","20","1","UNI","873","24/8/1998","Hualien","Taiwan","McDonnell","MD-90","Carry Gasoline & Battery","Security Check","Security Check","1","1","0","0","0",
"12","19","9","LaMia","2933","28/11/2016","Medell√≠n ","Colombia","BAe","146","Lake in fuel","Pilot","Lack in management","1","0","0","0","0","Sao Paulo"
"13","19","8","Aeroflot","821","14/9/2008","Perm","Russia","Boeing","737-500","Wrong Activity","Pilot","Alcohol","0","0","0","0","0","Alcohol!!!!"
"14","19","7","Continental","1404","20/12/2008"," Denver ","USA","Boeing","737-500","Strong Wind","Weather","Wrong Operation","1","0","1","0","0",
"15","19","6","Tarom","371","31/3/1995","Balotesti","Romania","Airbus","A310","Pilot Incapacity","Pilot&Mechnism","ATS Error","0","1","1","0","0","!!!!"
"16","19","5","Fine Air","101","7/8/1997"," Miami ","USA","Douglas","DC 8","Cargo Loading Program","Ground","None","0","0","0","1","1",
"17","19","4","American International","808","18/8/1993","Guantanamo Bay","Cuba","Douglas","DC 8","Wrong Operation","Pilot","Fatigue&New Approaching Route ","0","0","0","1","0","Design for Crash: Cabin and Cockpit spread"
"18","19","3","KLM Cityhopper","434","4/4/1994","	Amsterdam","Netherlands","Saab","340","Wrong Operation","Pilot","Wrong Warning&Lack in Communication","0","0","1","0","0",
"19","19","2","The Galloping Ghost",,"16/9/2010","Reno","USA","Mustang","P-51D","Locknuts Lossen","Mechnism","High Speed","0","0","0","0","0","Reno Air Race"
"20","19","1","Cathay Pacific","780","13/4/2010","Hong Kong","Hong Kong","Airbus","A330-300","Oil Polution","Ground","None","1","0","0","0","1",
